angry0,angry1,box0,box1,disgust0,disgust1,fear0,fear1,happy0,happy1,neutral0,neutral1,sad0,sad1,surprise0,surprise1
0.01,,"[521, 167, 284, 348]",,0.0,,0.01,,0.0,,0.6,,0.38,,0.0,
0.01,,"[523, 168, 274, 344]",,0.0,,0.02,,0.0,,0.77,,0.21,,0.0,
0.0,,"[523, 165, 275, 346]",,0.0,,0.01,,0.0,,0.89,,0.09,,0.0,
0.0,,"[524, 164, 274, 348]",,0.0,,0.02,,0.0,,0.86,,0.12,,0.0,
0.0,,"[524, 166, 273, 345]",,0.0,,0.02,,0.0,,0.85,,0.13,,0.0,
0.0,,"[523, 166, 274, 344]",,0.0,,0.01,,0.0,,0.89,,0.1,,0.0,
0.0,,"[524, 168, 271, 341]",,0.0,,0.02,,0.0,,0.87,,0.11,,0.0,
0.01,,"[523, 163, 277, 347]",,0.0,,0.04,,0.0,,0.87,,0.09,,0.0,
0.0,,"[523, 165, 275, 345]",,0.0,,0.03,,0.0,,0.86,,0.1,,0.0,
0.01,,"[523, 165, 275, 346]",,0.0,,0.04,,0.0,,0.81,,0.14,,0.0,
0.0,,"[522, 166, 274, 344]",,0.0,,0.03,,0.0,,0.86,,0.11,,0.0,
0.01,,"[521, 166, 275, 344]",,0.0,,0.04,,0.0,,0.81,,0.14,,0.0,
0.01,,"[521, 166, 274, 343]",,0.0,,0.03,,0.0,,0.82,,0.14,,0.0,
0.0,,"[520, 168, 275, 339]",,0.0,,0.02,,0.0,,0.88,,0.09,,0.0,
0.0,,"[519, 168, 276, 339]",,0.0,,0.03,,0.0,,0.86,,0.1,,0.0,
0.01,,"[521, 170, 272, 338]",,0.0,,0.04,,0.01,,0.77,,0.17,,0.0,
0.01,,"[521, 169, 273, 338]",,0.0,,0.04,,0.0,,0.72,,0.22,,0.0,
0.01,,"[521, 172, 273, 333]",,0.0,,0.04,,0.01,,0.7,,0.24,,0.0,
0.01,,"[520, 170, 273, 335]",,0.0,,0.03,,0.01,,0.81,,0.14,,0.0,
0.01,,"[519, 169, 273, 337]",,0.0,,0.02,,0.0,,0.89,,0.08,,0.0,
0.01,,"[519, 169, 274, 337]",,0.0,,0.03,,0.01,,0.89,,0.07,,0.0,
0.01,,"[520, 168, 265, 337]",,0.0,,0.04,,0.01,,0.87,,0.08,,0.0,
0.0,,"[518, 164, 274, 344]",,0.0,,0.03,,0.01,,0.92,,0.04,,0.0,
0.01,,"[517, 164, 275, 344]",,0.0,,0.03,,0.01,,0.91,,0.04,,0.0,
0.01,,"[517, 164, 276, 345]",,0.0,,0.04,,0.01,,0.9,,0.03,,0.0,
0.0,,"[517, 164, 275, 345]",,0.0,,0.03,,0.01,,0.92,,0.03,,0.0,
0.01,,"[516, 164, 277, 345]",,0.0,,0.04,,0.01,,0.9,,0.03,,0.0,
0.01,,"[516, 152, 274, 349]",,0.0,,0.02,,0.02,,0.91,,0.04,,0.0,
0.01,,"[515, 150, 277, 353]",,0.0,,0.04,,0.03,,0.86,,0.06,,0.0,
0.01,,"[513, 149, 278, 351]",,0.0,,0.02,,0.03,,0.92,,0.03,,0.0,
0.01,,"[514, 149, 277, 352]",,0.0,,0.03,,0.07,,0.87,,0.03,,0.0,
0.01,,"[516, 160, 277, 350]",,0.0,,0.05,,0.03,,0.88,,0.03,,0.0,
0.0,,"[512, 152, 276, 343]",,0.0,,0.01,,0.04,,0.94,,0.01,,0.0,
0.01,,"[511, 149, 279, 351]",,0.0,,0.06,,0.07,,0.82,,0.04,,0.0,
0.01,,"[511, 152, 276, 345]",,0.0,,0.04,,0.02,,0.89,,0.05,,0.0,
0.01,,"[512, 158, 271, 335]",,0.0,,0.04,,0.02,,0.87,,0.06,,0.0,
0.02,,"[502, 155, 281, 352]",,0.0,,0.07,,0.01,,0.63,,0.27,,0.0,
0.04,,"[494, 151, 277, 348]",,0.0,,0.11,,0.06,,0.58,,0.21,,0.0,
0.03,,"[490, 154, 277, 353]",,0.0,,0.08,,0.01,,0.68,,0.18,,0.02,
0.01,,"[505, 162, 270, 344]",,0.0,,0.04,,0.04,,0.76,,0.15,,0.0,
0.03,,"[500, 153, 282, 349]",,0.0,,0.05,,0.02,,0.7,,0.2,,0.0,
0.07,,"[519, 166, 251, 339]",,0.0,,0.07,,0.04,,0.58,,0.22,,0.01,
0.01,,"[524, 174, 256, 330]",,0.0,,0.16,,0.02,,0.73,,0.08,,0.0,
0.0,,"[519, 162, 265, 323]",,0.0,,0.09,,0.01,,0.73,,0.16,,0.0,
0.0,,"[514, 161, 270, 325]",,0.0,,0.06,,0.02,,0.83,,0.08,,0.01,
0.02,,"[516, 161, 263, 346]",,0.0,,0.13,,0.03,,0.69,,0.13,,0.01,
0.02,,"[520, 165, 256, 343]",,0.0,,0.1,,0.04,,0.76,,0.07,,0.02,
0.03,,"[515, 161, 259, 345]",,0.0,,0.16,,0.03,,0.62,,0.14,,0.02,
0.02,,"[513, 164, 259, 339]",,0.0,,0.06,,0.05,,0.78,,0.06,,0.02,
0.02,,"[514, 162, 260, 342]",,0.0,,0.09,,0.04,,0.74,,0.09,,0.03,
0.02,,"[520, 163, 257, 341]",,0.0,,0.08,,0.03,,0.69,,0.18,,0.01,
0.01,,"[524, 164, 256, 341]",,0.0,,0.08,,0.02,,0.74,,0.12,,0.02,
0.01,,"[525, 169, 252, 342]",,0.0,,0.13,,0.03,,0.65,,0.15,,0.02,
0.01,,"[529, 167, 252, 339]",,0.0,,0.06,,0.04,,0.79,,0.09,,0.01,
0.01,,"[531, 170, 251, 337]",,0.0,,0.13,,0.06,,0.64,,0.12,,0.04,
0.01,,"[528, 179, 258, 337]",,0.0,,0.06,,0.01,,0.71,,0.2,,0.01,
0.02,,"[533, 174, 249, 333]",,0.0,,0.28,,0.02,,0.5,,0.12,,0.07,
0.04,,"[534, 178, 247, 326]",,0.0,,0.39,,0.02,,0.29,,0.14,,0.12,
0.05,,"[534, 171, 247, 332]",,0.0,,0.13,,0.02,,0.54,,0.24,,0.01,
0.03,,"[531, 180, 253, 320]",,0.0,,0.07,,0.04,,0.72,,0.1,,0.04,
0.01,,"[531, 184, 252, 319]",,0.0,,0.1,,0.04,,0.71,,0.09,,0.05,
0.05,,"[533, 180, 251, 321]",,0.0,,0.14,,0.02,,0.58,,0.19,,0.01,
0.02,,"[541, 184, 243, 320]",,0.0,,0.07,,0.07,,0.67,,0.11,,0.07,
0.02,,"[532, 182, 246, 320]",,0.0,,0.06,,0.03,,0.78,,0.1,,0.01,
0.02,,"[532, 185, 243, 314]",,0.0,,0.05,,0.02,,0.79,,0.1,,0.01,
0.01,,"[531, 183, 245, 327]",,0.0,,0.05,,0.01,,0.87,,0.05,,0.01,
0.01,,"[529, 187, 246, 324]",,0.0,,0.04,,0.01,,0.88,,0.07,,0.0,
0.01,,"[535, 195, 241, 310]",,0.0,,0.03,,0.03,,0.9,,0.04,,0.01,
0.02,,"[527, 189, 242, 310]",,0.0,,0.03,,0.03,,0.83,,0.09,,0.01,
0.01,,"[536, 197, 236, 300]",,0.0,,0.02,,0.02,,0.79,,0.15,,0.0,
0.01,,"[540, 193, 236, 308]",,0.0,,0.01,,0.04,,0.83,,0.11,,0.0,
0.01,,"[542, 193, 235, 301]",,0.0,,0.0,,0.12,,0.84,,0.03,,0.0,
0.0,,"[538, 200, 239, 293]",,0.0,,0.0,,0.63,,0.36,,0.0,,0.0,
0.0,,"[537, 205, 238, 281]",,0.0,,0.0,,0.61,,0.39,,0.0,,0.0,
0.0,,"[537, 201, 237, 294]",,0.0,,0.0,,0.82,,0.17,,0.0,,0.0,
0.0,,"[540, 207, 233, 287]",,0.0,,0.0,,0.74,,0.25,,0.0,,0.0,
0.0,,"[539, 204, 236, 296]",,0.0,,0.0,,0.82,,0.18,,0.0,,0.0,
0.0,,"[538, 212, 231, 290]",,0.0,,0.0,,0.87,,0.13,,0.0,,0.0,
0.0,,"[535, 211, 230, 302]",,0.0,,0.0,,0.8,,0.19,,0.0,,0.0,
0.0,,"[538, 218, 229, 298]",,0.0,,0.0,,0.7,,0.29,,0.0,,0.0,
0.0,,"[536, 233, 230, 281]",,0.0,,0.0,,0.72,,0.28,,0.0,,0.0,
0.0,,"[541, 239, 232, 277]",,0.0,,0.0,,0.77,,0.23,,0.0,,0.0,
0.0,,"[538, 239, 233, 278]",,0.0,,0.0,,0.75,,0.25,,0.0,,0.0,
0.0,,"[538, 240, 231, 276]",,0.0,,0.0,,0.89,,0.11,,0.0,,0.0,
0.0,,"[532, 238, 237, 280]",,0.0,,0.0,,0.9,,0.09,,0.0,,0.01,
0.0,,"[527, 223, 233, 296]",,0.0,,0.0,,0.78,,0.22,,0.0,,0.01,
0.0,,"[528, 222, 231, 300]",,0.0,,0.0,,0.77,,0.22,,0.0,,0.0,
0.0,,"[523, 219, 234, 303]",,0.0,,0.0,,0.68,,0.31,,0.0,,0.01,
0.0,,"[523, 223, 228, 296]",,0.0,,0.0,,0.76,,0.24,,0.0,,0.0,
0.0,,"[520, 217, 232, 304]",,0.0,,0.0,,0.81,,0.18,,0.0,,0.01,
0.0,,"[512, 215, 241, 306]",,0.0,,0.0,,0.83,,0.16,,0.0,,0.0,
0.0,,"[513, 217, 237, 303]",,0.0,,0.0,,0.89,,0.11,,0.0,,0.01,
0.0,,"[511, 212, 240, 311]",,0.0,,0.0,,0.92,,0.07,,0.0,,0.01,
0.0,,"[510, 211, 241, 313]",,0.0,,0.0,,0.92,,0.04,,0.0,,0.04,
0.0,,"[510, 211, 241, 310]",,0.0,,0.0,,0.9,,0.06,,0.0,,0.04,
0.0,,"[517, 210, 230, 298]",,0.0,,0.0,,0.95,,0.02,,0.0,,0.03,
0.0,,"[520, 207, 231, 294]",,0.0,,0.0,,0.93,,0.02,,0.0,,0.05,
0.0,,"[522, 204, 235, 307]",,0.0,,0.0,,0.94,,0.01,,0.0,,0.04,
0.0,,"[524, 203, 229, 295]",,0.0,,0.0,,0.98,,0.0,,0.0,,0.02,
0.0,,"[528, 203, 229, 301]",,0.0,,0.0,,0.96,,0.0,,0.0,,0.04,
0.0,,"[529, 200, 231, 308]",,0.0,,0.0,,0.96,,0.0,,0.0,,0.03,
0.0,,"[523, 197, 237, 310]",,0.0,,0.0,,0.96,,0.0,,0.0,,0.04,
0.01,,"[526, 200, 231, 301]",,0.0,,0.0,,0.8,,0.0,,0.0,,0.18,
0.02,,"[533, 203, 232, 301]",,0.0,,0.01,,0.87,,0.01,,0.0,,0.1,
0.02,,"[533, 205, 234, 301]",,0.0,,0.01,,0.89,,0.0,,0.0,,0.07,
0.01,,"[534, 202, 235, 306]",,0.0,,0.01,,0.82,,0.0,,0.0,,0.16,
0.06,,"[537, 207, 231, 301]",,0.0,,0.04,,0.83,,0.0,,0.0,,0.06,
0.03,,"[539, 209, 229, 300]",,0.0,,0.06,,0.82,,0.0,,0.01,,0.07,
0.1,,"[539, 205, 230, 304]",,0.0,,0.06,,0.51,,0.01,,0.02,,0.3,
0.11,,"[541, 213, 227, 296]",,0.0,,0.07,,0.54,,0.04,,0.02,,0.22,
0.12,,"[543, 216, 227, 298]",,0.0,,0.11,,0.65,,0.02,,0.02,,0.09,
0.1,,"[546, 215, 222, 301]",,0.0,,0.07,,0.64,,0.03,,0.02,,0.15,
0.03,,"[548, 216, 220, 297]",,0.0,,0.02,,0.67,,0.06,,0.02,,0.2,
0.04,,"[549, 215, 221, 298]",,0.0,,0.03,,0.7,,0.08,,0.04,,0.11,
0.0,,"[549, 215, 228, 295]",,0.0,,0.01,,0.88,,0.05,,0.01,,0.05,
0.01,,"[548, 213, 228, 300]",,0.0,,0.01,,0.86,,0.08,,0.01,,0.03,
0.0,,"[550, 210, 230, 305]",,0.0,,0.0,,0.81,,0.14,,0.01,,0.03,
0.02,,"[545, 210, 230, 296]",,0.0,,0.01,,0.78,,0.11,,0.03,,0.05,
0.01,,"[546, 211, 229, 295]",,0.0,,0.01,,0.31,,0.59,,0.05,,0.02,
0.01,,"[546, 213, 229, 290]",,0.0,,0.04,,0.01,,0.83,,0.1,,0.01,
0.0,,"[547, 211, 228, 290]",,0.0,,0.08,,0.0,,0.86,,0.05,,0.0,
0.01,,"[550, 221, 229, 281]",,0.0,,0.04,,0.0,,0.8,,0.15,,0.0,
0.01,,"[545, 211, 228, 287]",,0.0,,0.08,,0.0,,0.85,,0.06,,0.0,
0.01,,"[546, 207, 231, 297]",,0.0,,0.04,,0.0,,0.83,,0.11,,0.0,
0.01,,"[548, 211, 225, 287]",,0.0,,0.03,,0.0,,0.93,,0.03,,0.0,
0.01,,"[546, 205, 228, 302]",,0.0,,0.01,,0.0,,0.92,,0.06,,0.0,
0.0,,"[543, 213, 224, 282]",,0.0,,0.01,,0.08,,0.9,,0.01,,0.0,
0.01,,"[540, 211, 227, 293]",,0.0,,0.01,,0.11,,0.85,,0.02,,0.0,
0.0,,"[539, 214, 227, 292]",,0.0,,0.01,,0.15,,0.82,,0.02,,0.0,
0.0,,"[543, 218, 224, 273]",,0.0,,0.0,,0.57,,0.42,,0.0,,0.01,
0.0,,"[542, 219, 224, 272]",,0.0,,0.0,,0.55,,0.44,,0.0,,0.01,
0.0,,"[538, 218, 226, 275]",,0.0,,0.0,,0.79,,0.2,,0.0,,0.01,
0.0,,"[539, 218, 225, 273]",,0.0,,0.0,,0.73,,0.25,,0.0,,0.01,
0.0,,"[539, 216, 225, 283]",,0.0,,0.0,,0.79,,0.21,,0.0,,0.0,
0.0,,"[535, 218, 223, 281]",,0.0,,0.0,,0.71,,0.28,,0.01,,0.0,
0.0,,"[532, 215, 226, 287]",,0.0,,0.0,,0.69,,0.31,,0.0,,0.0,
0.0,,"[533, 217, 224, 285]",,0.0,,0.0,,0.81,,0.18,,0.0,,0.0,
0.0,,"[530, 217, 225, 285]",,0.0,,0.0,,0.76,,0.23,,0.0,,0.0,
0.0,,"[530, 218, 224, 280]",,0.0,,0.0,,0.74,,0.25,,0.0,,0.0,
0.0,,"[529, 217, 222, 277]",,0.0,,0.0,,0.74,,0.24,,0.0,,0.01,
0.0,,"[529, 216, 222, 276]",,0.0,,0.0,,0.59,,0.4,,0.0,,0.0,
0.0,,"[525, 216, 224, 280]",,0.0,,0.0,,0.66,,0.34,,0.0,,0.0,
0.0,,"[525, 215, 230, 288]",,0.0,,0.0,,0.35,,0.64,,0.01,,0.0,
0.01,,"[528, 220, 227, 283]",,0.0,,0.01,,0.02,,0.87,,0.09,,0.0,
0.01,,"[529, 225, 223, 274]",,0.0,,0.03,,0.0,,0.89,,0.06,,0.0,
0.02,,"[528, 224, 223, 277]",,0.0,,0.04,,0.0,,0.74,,0.2,,0.0,
0.05,,"[526, 216, 226, 291]",,0.0,,0.08,,0.0,,0.6,,0.27,,0.0,
0.03,,"[529, 225, 222, 273]",,0.0,,0.04,,0.0,,0.52,,0.41,,0.0,
0.03,,"[529, 226, 221, 271]",,0.0,,0.04,,0.0,,0.74,,0.19,,0.0,
0.06,,"[529, 227, 220, 268]",,0.0,,0.04,,0.0,,0.54,,0.35,,0.0,
0.03,,"[531, 227, 218, 270]",,0.0,,0.04,,0.0,,0.59,,0.34,,0.0,
0.03,,"[531, 228, 219, 271]",,0.0,,0.03,,0.0,,0.33,,0.6,,0.0,
0.03,,"[532, 226, 218, 276]",,0.0,,0.04,,0.0,,0.26,,0.67,,0.0,
0.05,,"[533, 227, 219, 276]",,0.0,,0.07,,0.0,,0.16,,0.72,,0.0,
0.04,,"[534, 227, 219, 275]",,0.0,,0.09,,0.0,,0.11,,0.77,,0.0,
0.03,,"[536, 226, 219, 276]",,0.0,,0.11,,0.0,,0.15,,0.71,,0.0,
0.04,,"[535, 228, 218, 273]",,0.0,,0.09,,0.0,,0.08,,0.79,,0.0,
0.03,,"[533, 232, 218, 270]",,0.0,,0.08,,0.0,,0.12,,0.77,,0.0,
0.04,,"[534, 231, 218, 272]",,0.0,,0.08,,0.0,,0.1,,0.78,,0.0,
0.04,,"[534, 227, 220, 277]",,0.0,,0.09,,0.0,,0.06,,0.8,,0.0,
0.05,,"[536, 230, 218, 271]",,0.0,,0.07,,0.0,,0.03,,0.85,,0.0,
0.05,,"[535, 229, 218, 273]",,0.0,,0.08,,0.0,,0.03,,0.83,,0.0,
0.03,,"[535, 232, 217, 266]",,0.0,,0.12,,0.0,,0.03,,0.82,,0.0,
0.03,,"[532, 229, 218, 269]",,0.0,,0.16,,0.0,,0.04,,0.77,,0.0,
0.02,,"[532, 229, 218, 270]",,0.0,,0.18,,0.0,,0.03,,0.77,,0.0,
0.03,,"[531, 230, 218, 268]",,0.0,,0.22,,0.0,,0.02,,0.72,,0.0,
0.03,,"[531, 229, 218, 269]",,0.0,,0.26,,0.0,,0.02,,0.68,,0.0,
0.02,,"[532, 231, 216, 268]",,0.0,,0.21,,0.0,,0.02,,0.75,,0.0,
0.02,,"[531, 230, 216, 267]",,0.0,,0.37,,0.0,,0.03,,0.57,,0.0,
0.03,,"[532, 229, 216, 269]",,0.0,,0.3,,0.0,,0.03,,0.63,,0.0,
0.03,,"[532, 226, 218, 277]",,0.0,,0.38,,0.0,,0.03,,0.56,,0.0,
0.03,,"[531, 226, 219, 276]",,0.0,,0.46,,0.0,,0.03,,0.48,,0.0,
0.03,,"[530, 224, 221, 279]",,0.0,,0.4,,0.0,,0.04,,0.53,,0.0,
0.03,,"[523, 227, 221, 273]",,0.0,,0.26,,0.0,,0.01,,0.7,,0.0,
0.03,,"[528, 233, 215, 262]",,0.0,,0.05,,0.0,,0.03,,0.88,,0.0,
0.03,,"[527, 229, 217, 268]",,0.0,,0.08,,0.0,,0.05,,0.84,,0.0,
0.02,,"[526, 226, 221, 279]",,0.0,,0.12,,0.0,,0.04,,0.81,,0.0,
0.06,,"[527, 228, 218, 275]",,0.0,,0.43,,0.0,,0.02,,0.49,,0.0,
0.01,,"[522, 222, 227, 290]",,0.0,,0.9,,0.0,,0.0,,0.08,,0.01,
0.02,,"[528, 226, 222, 283]",,0.0,,0.92,,0.0,,0.0,,0.03,,0.03,
0.01,,"[529, 224, 223, 287]",,0.0,,0.93,,0.0,,0.0,,0.02,,0.04,
0.01,,"[529, 223, 223, 288]",,0.0,,0.9,,0.0,,0.0,,0.02,,0.08,
0.02,,"[530, 223, 221, 286]",,0.0,,0.86,,0.0,,0.0,,0.02,,0.1,
0.03,,"[528, 221, 219, 280]",,0.0,,0.81,,0.0,,0.0,,0.02,,0.13,
0.03,,"[530, 223, 221, 284]",,0.0,,0.87,,0.0,,0.0,,0.01,,0.09,
0.01,,"[528, 227, 220, 282]",,0.0,,0.85,,0.0,,0.0,,0.0,,0.13,
0.01,,"[526, 219, 224, 292]",,0.0,,0.88,,0.0,,0.0,,0.0,,0.11,
0.01,,"[523, 220, 230, 293]",,0.0,,0.9,,0.0,,0.0,,0.02,,0.07,
0.05,,"[528, 216, 225, 292]",,0.0,,0.81,,0.0,,0.0,,0.09,,0.05,
0.03,,"[528, 217, 224, 292]",,0.0,,0.86,,0.0,,0.0,,0.05,,0.06,
0.01,,"[523, 218, 229, 291]",,0.0,,0.79,,0.0,,0.0,,0.0,,0.2,
0.0,,"[526, 214, 225, 301]",,0.0,,0.58,,0.0,,0.0,,0.0,,0.41,
0.0,,"[519, 216, 233, 299]",,0.0,,0.35,,0.0,,0.0,,0.0,,0.64,
0.01,,"[521, 221, 225, 289]",,0.0,,0.45,,0.0,,0.0,,0.0,,0.54,
0.01,,"[519, 219, 228, 294]",,0.0,,0.21,,0.0,,0.0,,0.0,,0.78,
0.0,,"[518, 220, 234, 297]",,0.0,,0.17,,0.0,,0.0,,0.0,,0.83,
0.0,,"[519, 220, 234, 300]",,0.0,,0.14,,0.0,,0.0,,0.0,,0.86,
0.0,,"[518, 223, 232, 293]",,0.0,,0.09,,0.0,,0.0,,0.0,,0.91,
0.0,,"[521, 224, 227, 294]",,0.0,,0.17,,0.0,,0.0,,0.0,,0.83,
0.0,,"[523, 223, 224, 295]",,0.0,,0.52,,0.0,,0.0,,0.0,,0.48,
0.0,,"[524, 227, 225, 288]",,0.0,,0.4,,0.0,,0.0,,0.0,,0.6,
0.0,,"[526, 229, 222, 286]",,0.0,,0.53,,0.0,,0.0,,0.0,,0.47,
0.01,,"[525, 229, 224, 288]",,0.0,,0.51,,0.0,,0.0,,0.0,,0.49,
0.0,,"[524, 229, 224, 289]",,0.0,,0.43,,0.0,,0.0,,0.0,,0.57,
0.01,,"[525, 228, 224, 291]",,0.0,,0.67,,0.0,,0.0,,0.0,,0.32,
0.01,,"[526, 228, 223, 291]",,0.0,,0.64,,0.0,,0.0,,0.0,,0.34,
0.01,,"[526, 228, 222, 290]",,0.0,,0.57,,0.0,,0.0,,0.0,,0.42,
0.01,,"[526, 228, 222, 289]",,0.0,,0.49,,0.0,,0.0,,0.0,,0.5,
0.0,,"[525, 228, 223, 289]",,0.0,,0.41,,0.0,,0.0,,0.0,,0.59,
0.01,,"[524, 228, 225, 292]",,0.0,,0.55,,0.0,,0.0,,0.0,,0.44,
0.01,,"[523, 231, 228, 301]",,0.0,,0.32,,0.0,,0.0,,0.0,,0.67,
0.02,,"[522, 229, 229, 305]",,0.0,,0.27,,0.0,,0.0,,0.0,,0.71,
0.01,,"[523, 230, 228, 303]",,0.0,,0.23,,0.0,,0.0,,0.0,,0.76,
0.01,,"[524, 229, 228, 304]",,0.0,,0.24,,0.0,,0.0,,0.0,,0.75,
0.02,,"[524, 229, 228, 306]",,0.0,,0.39,,0.0,,0.0,,0.0,,0.59,
0.02,,"[524, 229, 230, 307]",,0.0,,0.4,,0.0,,0.0,,0.0,,0.57,
0.01,,"[525, 231, 229, 305]",,0.0,,0.43,,0.0,,0.0,,0.0,,0.56,
0.01,,"[527, 233, 230, 306]",,0.0,,0.43,,0.0,,0.0,,0.0,,0.56,
0.0,,"[526, 230, 225, 298]",,0.0,,0.29,,0.0,,0.0,,0.0,,0.7,
0.01,,"[529, 234, 222, 296]",,0.0,,0.19,,0.0,,0.04,,0.04,,0.71,
0.01,,"[525, 236, 223, 290]",,0.0,,0.27,,0.01,,0.19,,0.21,,0.32,
0.01,,"[525, 233, 221, 280]",,0.0,,0.36,,0.0,,0.25,,0.35,,0.03,
0.01,,"[526, 232, 224, 281]",,0.0,,0.25,,0.0,,0.33,,0.41,,0.01,
0.01,,"[524, 215, 236, 298]",,0.0,,0.24,,0.0,,0.09,,0.66,,0.0,
0.02,,"[515, 208, 242, 304]",,0.0,,0.17,,0.0,,0.14,,0.66,,0.0,
0.03,,"[530, 235, 226, 276]",,0.0,,0.51,,0.0,,0.26,,0.17,,0.03,
0.02,,"[528, 225, 225, 280]",,0.0,,0.53,,0.03,,0.27,,0.07,,0.08,
0.01,,"[527, 223, 225, 280]",,0.0,,0.79,,0.01,,0.07,,0.07,,0.05,
0.03,,"[516, 210, 238, 300]",,0.0,,0.68,,0.03,,0.07,,0.11,,0.08,
0.14,,"[521, 209, 238, 294]",,0.0,,0.45,,0.07,,0.06,,0.06,,0.23,
0.03,,"[518, 210, 240, 301]",,0.0,,0.65,,0.01,,0.01,,0.03,,0.26,
0.07,,"[518, 216, 241, 296]",,0.0,,0.55,,0.01,,0.03,,0.04,,0.3,
0.02,,"[525, 229, 228, 274]",,0.0,,0.54,,0.05,,0.03,,0.02,,0.33,
0.05,,"[525, 230, 228, 273]",,0.0,,0.56,,0.05,,0.03,,0.05,,0.25,
0.05,,"[523, 230, 229, 272]",,0.0,,0.42,,0.03,,0.01,,0.02,,0.47,
0.02,,"[522, 238, 228, 268]",,0.0,,0.23,,0.05,,0.08,,0.04,,0.59,
0.03,,"[524, 230, 227, 273]",,0.0,,0.4,,0.03,,0.01,,0.01,,0.52,
0.01,,"[523, 241, 224, 266]",,0.0,,0.16,,0.03,,0.03,,0.02,,0.75,
0.03,,"[524, 242, 225, 267]",,0.0,,0.38,,0.04,,0.11,,0.06,,0.38,
0.01,,"[523, 240, 226, 267]",,0.0,,0.18,,0.07,,0.04,,0.03,,0.67,
0.02,,"[524, 241, 224, 266]",,0.0,,0.25,,0.03,,0.04,,0.04,,0.63,
0.03,,"[525, 238, 225, 268]",,0.0,,0.31,,0.07,,0.09,,0.06,,0.45,
0.01,,"[527, 241, 222, 265]",,0.0,,0.15,,0.07,,0.13,,0.05,,0.57,
0.02,,"[525, 239, 226, 266]",,0.0,,0.29,,0.09,,0.12,,0.07,,0.41,
0.01,,"[525, 239, 225, 267]",,0.0,,0.28,,0.05,,0.12,,0.05,,0.49,
0.05,,"[526, 228, 225, 274]",,0.0,,0.49,,0.1,,0.11,,0.04,,0.21,
0.05,,"[525, 220, 235, 292]",,0.0,,0.62,,0.01,,0.04,,0.12,,0.15,
0.02,,"[529, 230, 220, 269]",,0.0,,0.52,,0.0,,0.23,,0.19,,0.04,
0.03,,"[530, 229, 220, 272]",,0.0,,0.43,,0.01,,0.27,,0.2,,0.05,
0.04,,"[529, 229, 222, 272]",,0.0,,0.29,,0.0,,0.35,,0.31,,0.01,
0.05,,"[528, 230, 222, 268]",,0.0,,0.33,,0.0,,0.35,,0.27,,0.01,
0.04,,"[527, 227, 222, 271]",,0.0,,0.28,,0.0,,0.2,,0.49,,0.0,
0.01,,"[526, 227, 222, 270]",,0.0,,0.26,,0.0,,0.32,,0.4,,0.0,
0.02,,"[529, 227, 219, 271]",,0.0,,0.24,,0.0,,0.24,,0.49,,0.0,
0.02,,"[526, 228, 222, 272]",,0.0,,0.15,,0.0,,0.28,,0.54,,0.0,
0.02,,"[527, 229, 220, 271]",,0.0,,0.13,,0.0,,0.26,,0.59,,0.0,
0.01,,"[527, 229, 221, 272]",,0.0,,0.11,,0.0,,0.3,,0.58,,0.0,
0.03,,"[532, 224, 225, 287]",,0.0,,0.09,,0.0,,0.17,,0.7,,0.0,
0.04,,"[533, 226, 227, 285]",,0.0,,0.08,,0.0,,0.12,,0.76,,0.0,
0.02,,"[531, 223, 218, 281]",,0.0,,0.12,,0.0,,0.06,,0.81,,0.0,
0.04,,"[529, 223, 226, 279]",,0.0,,0.17,,0.0,,0.04,,0.74,,0.0,
0.03,,"[529, 223, 226, 280]",,0.0,,0.17,,0.0,,0.06,,0.73,,0.0,
0.02,,"[532, 224, 222, 275]",,0.0,,0.15,,0.0,,0.05,,0.78,,0.0,
0.03,,"[528, 222, 228, 277]",,0.0,,0.23,,0.0,,0.06,,0.68,,0.0,
0.03,,"[535, 221, 224, 280]",,0.0,,0.18,,0.0,,0.04,,0.76,,0.0,
0.04,,"[535, 220, 225, 279]",,0.0,,0.22,,0.0,,0.06,,0.69,,0.0,
0.04,,"[534, 225, 225, 278]",,0.0,,0.21,,0.0,,0.1,,0.65,,0.0,
0.03,,"[536, 225, 224, 276]",,0.0,,0.18,,0.0,,0.1,,0.69,,0.0,
0.03,,"[536, 226, 225, 275]",,0.0,,0.18,,0.0,,0.16,,0.63,,0.0,
0.02,,"[539, 225, 222, 273]",,0.0,,0.28,,0.0,,0.06,,0.64,,0.0,
0.02,,"[540, 226, 222, 273]",,0.0,,0.17,,0.0,,0.08,,0.73,,0.0,
0.03,,"[541, 224, 220, 270]",,0.0,,0.36,,0.0,,0.1,,0.5,,0.01,
0.02,,"[541, 227, 222, 272]",,0.0,,0.16,,0.0,,0.17,,0.65,,0.0,
0.02,,"[543, 225, 218, 269]",,0.0,,0.38,,0.0,,0.26,,0.33,,0.01,
0.01,,"[543, 224, 218, 273]",,0.0,,0.29,,0.02,,0.48,,0.19,,0.02,
0.02,,"[539, 221, 224, 284]",,0.0,,0.32,,0.02,,0.26,,0.38,,0.0,
0.01,,"[544, 223, 217, 276]",,0.0,,0.29,,0.07,,0.35,,0.27,,0.01,
0.01,,"[546, 223, 216, 274]",,0.0,,0.22,,0.24,,0.41,,0.1,,0.03,
0.01,,"[545, 224, 217, 273]",,0.0,,0.22,,0.33,,0.32,,0.1,,0.02,
0.01,,"[543, 223, 218, 278]",,0.0,,0.26,,0.11,,0.36,,0.25,,0.01,
0.01,,"[546, 222, 215, 274]",,0.0,,0.17,,0.36,,0.36,,0.09,,0.01,
0.01,,"[548, 223, 214, 274]",,0.0,,0.22,,0.25,,0.35,,0.15,,0.02,
0.02,,"[539, 222, 225, 285]",,0.0,,0.14,,0.01,,0.26,,0.57,,0.0,
0.01,,"[538, 222, 224, 284]",,0.0,,0.05,,0.01,,0.35,,0.58,,0.0,
0.01,,"[542, 225, 221, 282]",,0.0,,0.08,,0.01,,0.28,,0.62,,0.0,
0.02,,"[544, 225, 221, 283]",,0.0,,0.16,,0.0,,0.22,,0.59,,0.0,
0.02,,"[535, 222, 225, 281]",,0.0,,0.1,,0.01,,0.22,,0.64,,0.0,
0.02,,"[534, 222, 226, 280]",,0.0,,0.13,,0.03,,0.2,,0.61,,0.0,
0.01,,"[533, 221, 228, 285]",,0.0,,0.12,,0.01,,0.24,,0.62,,0.0,
0.01,,"[539, 222, 220, 279]",,0.0,,0.23,,0.03,,0.24,,0.49,,0.0,
0.02,,"[539, 222, 219, 275]",,0.0,,0.23,,0.1,,0.29,,0.36,,0.01,
0.02,,"[542, 223, 216, 273]",,0.0,,0.27,,0.08,,0.31,,0.3,,0.01,
0.01,,"[540, 224, 218, 275]",,0.0,,0.16,,0.12,,0.52,,0.2,,0.0,
0.01,,"[540, 224, 217, 274]",,0.0,,0.16,,0.22,,0.47,,0.14,,0.01,
0.02,,"[538, 222, 219, 276]",,0.0,,0.32,,0.07,,0.26,,0.32,,0.01,
0.02,,"[536, 222, 221, 281]",,0.0,,0.21,,0.06,,0.32,,0.39,,0.0,
0.02,,"[532, 221, 229, 286]",,0.0,,0.25,,0.04,,0.22,,0.47,,0.0,
0.03,,"[532, 220, 228, 286]",,0.0,,0.35,,0.07,,0.17,,0.37,,0.0,
0.02,,"[531, 221, 229, 286]",,0.0,,0.3,,0.04,,0.17,,0.47,,0.0,
0.02,,"[532, 221, 229, 286]",,0.0,,0.25,,0.05,,0.25,,0.43,,0.0,
0.02,,"[533, 221, 228, 285]",,0.0,,0.27,,0.02,,0.19,,0.5,,0.0,
0.02,,"[534, 220, 228, 286]",,0.0,,0.23,,0.01,,0.15,,0.58,,0.0,
0.02,,"[535, 218, 228, 287]",,0.0,,0.25,,0.01,,0.11,,0.6,,0.0,
0.02,,"[536, 220, 226, 284]",,0.0,,0.43,,0.01,,0.13,,0.41,,0.0,
0.02,,"[536, 218, 227, 282]",,0.0,,0.67,,0.0,,0.05,,0.26,,0.01,
0.02,,"[535, 215, 229, 287]",,0.0,,0.52,,0.0,,0.04,,0.42,,0.0,
0.02,,"[535, 214, 229, 287]",,0.0,,0.5,,0.0,,0.03,,0.45,,0.0,
0.02,,"[545, 221, 220, 278]",,0.0,,0.4,,0.0,,0.17,,0.41,,0.0,
0.02,,"[539, 214, 230, 286]",,0.0,,0.49,,0.0,,0.06,,0.43,,0.0,
0.02,,"[539, 216, 232, 291]",,0.0,,0.37,,0.0,,0.09,,0.52,,0.0,
0.02,,"[540, 218, 231, 291]",,0.0,,0.38,,0.0,,0.08,,0.52,,0.0,
0.01,,"[543, 217, 235, 298]",,0.0,,0.2,,0.0,,0.05,,0.74,,0.0,
0.02,,"[546, 216, 234, 299]",,0.0,,0.22,,0.01,,0.13,,0.62,,0.0,
0.02,,"[545, 217, 236, 299]",,0.0,,0.17,,0.0,,0.12,,0.69,,0.0,
0.02,,"[544, 214, 239, 303]",,0.0,,0.22,,0.0,,0.09,,0.68,,0.0,
0.01,,"[547, 213, 238, 305]",,0.0,,0.15,,0.0,,0.08,,0.75,,0.0,
0.01,,"[542, 217, 236, 296]",,0.0,,0.48,,0.0,,0.19,,0.31,,0.0,
0.01,,"[542, 219, 238, 295]",,0.0,,0.56,,0.0,,0.15,,0.27,,0.0,
0.02,,"[549, 210, 240, 309]",,0.0,,0.13,,0.0,,0.04,,0.81,,0.0,
0.02,,"[550, 208, 242, 312]",,0.0,,0.18,,0.0,,0.08,,0.71,,0.0,
0.02,,"[543, 210, 243, 303]",,0.0,,0.39,,0.0,,0.09,,0.49,,0.0,
0.01,,"[544, 212, 244, 301]",,0.0,,0.49,,0.0,,0.09,,0.4,,0.0,
0.01,,"[545, 211, 244, 302]",,0.0,,0.64,,0.0,,0.06,,0.28,,0.0,
0.01,,"[541, 213, 252, 317]",,0.0,,0.22,,0.0,,0.07,,0.7,,0.0,
0.02,,"[541, 212, 252, 319]",,0.0,,0.23,,0.0,,0.06,,0.7,,0.0,
0.02,,"[541, 211, 254, 325]",,0.0,,0.34,,0.0,,0.06,,0.59,,0.0,
0.01,,"[541, 214, 251, 307]",,0.0,,0.67,,0.0,,0.1,,0.22,,0.0,
0.01,,"[541, 214, 252, 310]",,0.0,,0.68,,0.0,,0.06,,0.24,,0.0,
0.01,,"[541, 215, 254, 310]",,0.0,,0.56,,0.0,,0.1,,0.32,,0.0,
0.02,,"[542, 214, 255, 312]",,0.0,,0.52,,0.01,,0.14,,0.32,,0.0,
0.02,,"[541, 214, 257, 313]",,0.0,,0.6,,0.0,,0.08,,0.3,,0.0,
0.02,,"[542, 213, 257, 317]",,0.0,,0.45,,0.0,,0.12,,0.41,,0.0,
0.02,,"[541, 216, 257, 313]",,0.0,,0.54,,0.0,,0.06,,0.37,,0.0,
0.01,,"[541, 212, 258, 320]",,0.0,,0.69,,0.0,,0.1,,0.19,,0.0,
0.01,,"[537, 211, 257, 318]",,0.0,,0.63,,0.0,,0.07,,0.29,,0.0,
0.02,,"[541, 206, 260, 325]",,0.0,,0.53,,0.0,,0.06,,0.39,,0.0,
0.01,,"[541, 208, 261, 323]",,0.0,,0.71,,0.0,,0.05,,0.23,,0.0,
0.01,,"[539, 214, 258, 319]",,0.0,,0.65,,0.0,,0.09,,0.24,,0.0,
0.02,,"[542, 215, 261, 325]",,0.0,,0.8,,0.0,,0.05,,0.12,,0.0,
0.01,,"[543, 211, 261, 325]",,0.0,,0.62,,0.0,,0.06,,0.31,,0.0,
0.02,,"[537, 217, 261, 322]",,0.0,,0.8,,0.0,,0.07,,0.1,,0.0,
0.02,,"[538, 217, 261, 324]",,0.0,,0.82,,0.0,,0.06,,0.1,,0.0,
0.02,,"[539, 218, 261, 323]",,0.0,,0.79,,0.0,,0.08,,0.1,,0.0,
0.02,,"[539, 220, 259, 321]",,0.0,,0.76,,0.0,,0.09,,0.12,,0.0,
0.02,,"[542, 211, 266, 330]",,0.0,,0.66,,0.0,,0.07,,0.25,,0.0,
0.02,,"[534, 205, 273, 337]",,0.0,,0.83,,0.0,,0.02,,0.13,,0.0,
0.02,,"[535, 206, 272, 335]",,0.0,,0.83,,0.0,,0.02,,0.13,,0.0,
0.01,,"[544, 215, 263, 327]",,0.0,,0.65,,0.0,,0.03,,0.3,,0.0,
0.01,,"[543, 217, 261, 325]",,0.0,,0.72,,0.0,,0.03,,0.24,,0.0,
0.01,,"[544, 225, 263, 316]",,0.0,,0.78,,0.01,,0.1,,0.1,,0.0,
0.01,,"[541, 215, 268, 335]",,0.0,,0.45,,0.0,,0.03,,0.51,,0.0,
0.01,,"[541, 227, 262, 319]",,0.0,,0.78,,0.0,,0.05,,0.16,,0.0,
0.01,,"[540, 225, 263, 323]",,0.0,,0.69,,0.0,,0.06,,0.23,,0.0,
0.01,,"[541, 226, 262, 321]",,0.0,,0.66,,0.0,,0.09,,0.23,,0.0,
0.02,,"[542, 228, 260, 322]",,0.0,,0.58,,0.0,,0.1,,0.3,,0.0,
0.01,,"[541, 228, 260, 321]",,0.0,,0.76,,0.0,,0.04,,0.19,,0.0,
0.01,,"[542, 228, 260, 322]",,0.0,,0.64,,0.0,,0.06,,0.28,,0.0,
0.02,,"[540, 228, 262, 323]",,0.0,,0.64,,0.0,,0.05,,0.29,,0.0,
0.01,,"[542, 228, 260, 322]",,0.0,,0.66,,0.0,,0.07,,0.25,,0.0,
0.02,,"[542, 228, 261, 323]",,0.0,,0.63,,0.0,,0.08,,0.27,,0.0,
0.01,,"[540, 228, 262, 322]",,0.0,,0.75,,0.0,,0.08,,0.16,,0.0,
0.02,,"[542, 228, 261, 322]",,0.0,,0.58,,0.0,,0.12,,0.28,,0.0,
0.01,,"[540, 227, 262, 322]",,0.0,,0.72,,0.0,,0.13,,0.14,,0.0,
0.02,,"[539, 227, 263, 323]",,0.0,,0.65,,0.0,,0.14,,0.19,,0.0,
0.02,,"[538, 227, 263, 324]",,0.0,,0.73,,0.0,,0.08,,0.17,,0.0,
0.01,,"[538, 229, 261, 320]",,0.0,,0.77,,0.0,,0.07,,0.15,,0.0,
0.01,,"[540, 229, 258, 319]",,0.0,,0.7,,0.0,,0.12,,0.17,,0.0,
0.01,0.02,"[540, 229, 259, 318]","[649, 111, 31, 35]",0.0,0.0,0.7,0.03,0.0,0.69,0.15,0.17,0.14,0.1,0.0,0.0
0.01,,"[539, 227, 261, 322]",,0.0,,0.73,,0.0,,0.13,,0.13,,0.0,
0.01,,"[542, 222, 263, 326]",,0.0,,0.52,,0.0,,0.1,,0.37,,0.0,
0.01,,"[542, 224, 262, 323]",,0.0,,0.59,,0.0,,0.13,,0.27,,0.0,
0.01,,"[538, 227, 262, 322]",,0.0,,0.63,,0.0,,0.23,,0.12,,0.0,
0.01,,"[539, 224, 262, 326]",,0.0,,0.74,,0.0,,0.13,,0.12,,0.0,
0.01,,"[538, 222, 265, 330]",,0.0,,0.63,,0.0,,0.12,,0.24,,0.0,
0.02,,"[534, 219, 269, 332]",,0.0,,0.55,,0.0,,0.18,,0.25,,0.0,
0.02,,"[534, 219, 269, 332]",,0.0,,0.51,,0.0,,0.25,,0.21,,0.0,
0.02,,"[535, 220, 268, 331]",,0.0,,0.46,,0.0,,0.23,,0.28,,0.0,
0.02,,"[537, 221, 267, 331]",,0.0,,0.45,,0.0,,0.22,,0.31,,0.0,
0.02,,"[536, 224, 267, 328]",,0.0,,0.5,,0.01,,0.3,,0.17,,0.0,
0.01,,"[538, 220, 267, 331]",,0.0,,0.44,,0.0,,0.24,,0.3,,0.0,
0.02,,"[538, 221, 267, 329]",,0.0,,0.47,,0.0,,0.27,,0.24,,0.0,
0.01,,"[539, 222, 264, 327]",,0.0,,0.55,,0.0,,0.2,,0.23,,0.0,
0.01,,"[541, 224, 264, 327]",,0.0,,0.55,,0.0,,0.2,,0.23,,0.0,
0.02,,"[540, 224, 264, 327]",,0.0,,0.52,,0.0,,0.16,,0.3,,0.0,
0.01,,"[541, 223, 264, 324]",,0.0,,0.41,,0.0,,0.29,,0.28,,0.0,
0.01,,"[543, 224, 262, 323]",,0.0,,0.35,,0.0,,0.33,,0.3,,0.0,
0.01,,"[542, 224, 263, 323]",,0.0,,0.37,,0.0,,0.26,,0.35,,0.0,
0.01,,"[544, 227, 262, 320]",,0.0,,0.68,,0.0,,0.15,,0.15,,0.0,
0.01,,"[548, 224, 259, 323]",,0.0,,0.23,,0.0,,0.46,,0.29,,0.0,
0.01,,"[543, 227, 263, 320]",,0.0,,0.51,,0.0,,0.22,,0.25,,0.0,
0.01,,"[548, 225, 259, 323]",,0.0,,0.33,,0.0,,0.38,,0.28,,0.0,
0.01,,"[548, 226, 257, 321]",,0.0,,0.32,,0.0,,0.39,,0.27,,0.0,
0.01,,"[544, 228, 261, 322]",,0.0,,0.62,,0.0,,0.24,,0.12,,0.0,
0.01,,"[542, 225, 262, 324]",,0.0,,0.33,,0.01,,0.37,,0.28,,0.0,
0.01,,"[542, 227, 261, 322]",,0.0,,0.51,,0.01,,0.28,,0.19,,0.0,
0.01,,"[544, 226, 262, 323]",,0.0,,0.5,,0.0,,0.22,,0.26,,0.0,
0.03,,"[543, 230, 259, 310]",,0.0,,0.48,,0.01,,0.18,,0.3,,0.0,
0.02,,"[543, 227, 259, 313]",,0.0,,0.32,,0.03,,0.31,,0.32,,0.0,
0.03,,"[546, 222, 261, 326]",,0.0,,0.25,,0.01,,0.22,,0.48,,0.0,
0.03,,"[547, 219, 261, 330]",,0.0,,0.13,,0.01,,0.27,,0.57,,0.0,
0.04,,"[550, 220, 256, 315]",,0.0,,0.17,,0.01,,0.33,,0.44,,0.0,
0.04,,"[542, 217, 261, 321]",,0.0,,0.26,,0.01,,0.18,,0.51,,0.0,
0.02,,"[548, 225, 252, 304]",,0.0,,0.26,,0.03,,0.28,,0.42,,0.0,
0.03,,"[551, 216, 258, 320]",,0.0,,0.15,,0.01,,0.21,,0.6,,0.0,
0.02,,"[554, 216, 250, 309]",,0.0,,0.2,,0.01,,0.32,,0.45,,0.0,
0.03,,"[555, 216, 253, 311]",,0.0,,0.11,,0.01,,0.19,,0.67,,0.0,
0.03,,"[554, 210, 256, 317]",,0.0,,0.11,,0.01,,0.42,,0.43,,0.0,
0.02,,"[555, 207, 251, 313]",,0.0,,0.1,,0.03,,0.52,,0.33,,0.0,
0.02,,"[557, 201, 251, 319]",,0.0,,0.07,,0.04,,0.7,,0.17,,0.0,
0.01,,"[562, 204, 246, 311]",,0.0,,0.11,,0.02,,0.56,,0.29,,0.0,
0.01,,"[561, 198, 251, 316]",,0.0,,0.06,,0.01,,0.81,,0.11,,0.0,
0.01,,"[565, 196, 250, 319]",,0.0,,0.03,,0.02,,0.88,,0.06,,0.0,
0.01,,"[564, 196, 249, 316]",,0.0,,0.05,,0.01,,0.82,,0.11,,0.0,
0.01,,"[566, 194, 251, 319]",,0.0,,0.05,,0.04,,0.82,,0.08,,0.0,
0.02,,"[566, 195, 253, 318]",,0.0,,0.06,,0.02,,0.83,,0.08,,0.0,
0.01,,"[566, 195, 249, 318]",,0.0,,0.03,,0.02,,0.9,,0.04,,0.0,
0.01,0.04,"[567, 196, 250, 313]","[557, 125, 20, 27]",0.0,0.0,0.04,0.01,0.02,0.76,0.89,0.12,0.05,0.06,0.0,0.0
0.01,,"[569, 195, 250, 313]",,0.0,,0.03,,0.01,,0.86,,0.09,,0.0,
0.01,,"[571, 194, 247, 312]",,0.0,,0.02,,0.01,,0.92,,0.04,,0.0,
0.01,,"[571, 184, 252, 320]",,0.0,,0.04,,0.03,,0.84,,0.09,,0.0,
0.0,,"[577, 189, 244, 314]",,0.0,,0.02,,0.01,,0.94,,0.03,,0.0,
0.0,,"[577, 190, 244, 312]",,0.0,,0.04,,0.01,,0.92,,0.03,,0.0,
0.0,,"[577, 190, 243, 312]",,0.0,,0.03,,0.01,,0.94,,0.02,,0.0,
0.0,,"[577, 190, 245, 312]",,0.0,,0.04,,0.01,,0.92,,0.03,,0.0,
0.01,,"[578, 189, 244, 313]",,0.0,,0.11,,0.02,,0.8,,0.05,,0.0,
0.0,,"[573, 189, 249, 315]",,0.0,,0.02,,0.01,,0.93,,0.03,,0.0,
0.0,,"[572, 189, 249, 315]",,0.0,,0.02,,0.01,,0.93,,0.03,,0.0,
0.0,,"[570, 189, 249, 315]",,0.0,,0.02,,0.02,,0.94,,0.02,,0.0,
0.0,,"[570, 189, 247, 314]",,0.0,,0.03,,0.02,,0.92,,0.02,,0.0,
0.0,,"[568, 190, 246, 313]",,0.0,,0.03,,0.01,,0.93,,0.02,,0.0,
0.0,,"[564, 185, 247, 318]",,0.0,,0.02,,0.01,,0.95,,0.02,,0.0,
0.0,,"[561, 189, 246, 311]",,0.0,,0.01,,0.0,,0.97,,0.01,,0.0,
0.0,,"[558, 193, 246, 307]",,0.0,,0.02,,0.02,,0.95,,0.01,,0.0,
0.01,,"[557, 188, 245, 307]",,0.0,,0.04,,0.06,,0.85,,0.05,,0.0,
0.01,,"[553, 186, 249, 309]",,0.0,,0.01,,0.02,,0.94,,0.02,,0.0,
0.0,,"[555, 193, 244, 303]",,0.0,,0.05,,0.04,,0.87,,0.03,,0.0,
0.0,,"[553, 194, 242, 303]",,0.0,,0.02,,0.02,,0.93,,0.03,,0.0,
0.01,,"[551, 194, 248, 308]",,0.0,,0.04,,0.04,,0.89,,0.02,,0.0,
0.0,,"[550, 196, 245, 307]",,0.0,,0.03,,0.02,,0.92,,0.02,,0.0,
0.0,,"[549, 195, 245, 308]",,0.0,,0.02,,0.01,,0.95,,0.02,,0.0,
0.01,,"[539, 184, 250, 310]",,0.0,,0.03,,0.02,,0.92,,0.02,,0.0,
0.0,,"[543, 191, 245, 311]",,0.0,,0.02,,0.02,,0.94,,0.02,,0.0,
0.0,,"[544, 191, 246, 313]",,0.0,,0.06,,0.02,,0.89,,0.03,,0.0,
0.0,,"[542, 189, 248, 318]",,0.0,,0.06,,0.02,,0.89,,0.03,,0.0,
0.0,,"[539, 191, 250, 316]",,0.0,,0.03,,0.01,,0.94,,0.02,,0.0,
0.0,,"[542, 197, 245, 307]",,0.0,,0.01,,0.0,,0.97,,0.01,,0.0,
0.0,,"[542, 197, 244, 308]",,0.0,,0.01,,0.0,,0.97,,0.02,,0.0,
0.0,,"[541, 197, 244, 308]",,0.0,,0.01,,0.0,,0.98,,0.01,,0.0,
0.0,,"[541, 197, 245, 309]",,0.0,,0.01,,0.0,,0.96,,0.02,,0.0,
0.0,,"[541, 196, 245, 310]",,0.0,,0.03,,0.01,,0.95,,0.02,,0.0,
0.0,,"[541, 195, 247, 313]",,0.0,,0.02,,0.01,,0.95,,0.02,,0.0,
0.0,,"[541, 195, 247, 312]",,0.0,,0.02,,0.01,,0.94,,0.02,,0.0,
0.0,,"[537, 191, 252, 322]",,0.0,,0.04,,0.03,,0.91,,0.02,,0.0,
0.0,,"[539, 200, 246, 304]",,0.0,,0.01,,0.01,,0.97,,0.01,,0.0,
0.0,,"[539, 191, 250, 319]",,0.0,,0.06,,0.01,,0.9,,0.03,,0.0,
0.0,,"[540, 191, 250, 318]",,0.0,,0.07,,0.01,,0.88,,0.04,,0.0,
0.0,,"[535, 192, 247, 313]",,0.0,,0.02,,0.03,,0.94,,0.01,,0.0,
0.0,,"[535, 190, 249, 318]",,0.0,,0.02,,0.03,,0.92,,0.02,,0.0,
0.0,,"[541, 193, 249, 316]",,0.0,,0.05,,0.01,,0.92,,0.02,,0.0,
0.0,,"[539, 192, 250, 316]",,0.0,,0.09,,0.02,,0.83,,0.05,,0.0,
0.0,,"[540, 198, 246, 307]",,0.0,,0.02,,0.02,,0.96,,0.01,,0.0,
0.0,,"[542, 198, 243, 307]",,0.0,,0.02,,0.02,,0.96,,0.01,,0.0,
0.0,,"[540, 199, 245, 305]",,0.0,,0.02,,0.02,,0.96,,0.01,,0.0,
0.0,,"[543, 196, 244, 310]",,0.0,,0.06,,0.02,,0.9,,0.02,,0.0,
0.0,,"[541, 198, 246, 307]",,0.0,,0.02,,0.02,,0.95,,0.01,,0.0,
0.0,,"[544, 196, 243, 310]",,0.0,,0.08,,0.02,,0.87,,0.03,,0.0,
0.0,,"[539, 196, 250, 315]",,0.0,,0.01,,0.0,,0.97,,0.02,,0.0,
0.0,,"[540, 190, 252, 328]",,0.0,,0.02,,0.01,,0.91,,0.05,,0.0,
0.0,,"[545, 194, 246, 315]",,0.0,,0.04,,0.01,,0.91,,0.05,,0.0,
0.0,,"[545, 195, 245, 314]",,0.0,,0.04,,0.01,,0.91,,0.05,,0.0,
0.0,,"[545, 194, 246, 314]",,0.0,,0.05,,0.02,,0.88,,0.05,,0.0,
0.0,,"[538, 195, 248, 313]",,0.0,,0.03,,0.06,,0.85,,0.05,,0.0,
0.01,,"[544, 196, 245, 313]",,0.0,,0.09,,0.06,,0.75,,0.09,,0.0,
0.0,,"[545, 198, 244, 311]",,0.0,,0.09,,0.04,,0.81,,0.05,,0.0,
0.01,,"[545, 199, 244, 310]",,0.0,,0.09,,0.04,,0.81,,0.05,,0.01,
0.0,,"[539, 201, 244, 300]",,0.0,,0.03,,0.02,,0.93,,0.02,,0.0,
0.0,,"[541, 204, 242, 294]",,0.0,,0.03,,0.03,,0.91,,0.03,,0.0,
0.0,,"[540, 204, 241, 295]",,0.0,,0.04,,0.02,,0.91,,0.03,,0.0,
0.01,,"[541, 206, 241, 297]",,0.0,,0.06,,0.06,,0.82,,0.05,,0.0,
0.0,,"[543, 207, 240, 293]",,0.0,,0.03,,0.02,,0.89,,0.06,,0.0,
0.01,,"[543, 206, 241, 296]",,0.0,,0.04,,0.03,,0.85,,0.08,,0.0,
0.01,,"[546, 200, 244, 309]",,0.0,,0.04,,0.04,,0.81,,0.1,,0.0,
0.0,,"[540, 200, 245, 304]",,0.0,,0.02,,0.02,,0.91,,0.05,,0.0,
0.0,,"[541, 202, 244, 303]",,0.0,,0.04,,0.02,,0.88,,0.06,,0.0,
0.01,,"[547, 198, 245, 313]",,0.0,,0.02,,0.02,,0.88,,0.08,,0.0,
0.01,,"[546, 199, 246, 312]",,0.0,,0.02,,0.04,,0.83,,0.11,,0.0,
0.01,,"[546, 201, 245, 311]",,0.0,,0.03,,0.04,,0.78,,0.15,,0.0,
0.0,,"[546, 200, 246, 312]",,0.0,,0.03,,0.04,,0.81,,0.12,,0.0,
0.0,,"[546, 200, 246, 312]",,0.0,,0.02,,0.04,,0.84,,0.1,,0.0,
0.01,,"[547, 200, 244, 313]",,0.0,,0.02,,0.03,,0.85,,0.1,,0.0,
0.01,,"[547, 199, 245, 315]",,0.0,,0.02,,0.01,,0.84,,0.13,,0.0,
0.01,,"[547, 199, 245, 315]",,0.0,,0.02,,0.01,,0.85,,0.11,,0.0,
0.01,,"[542, 205, 242, 303]",,0.0,,0.03,,0.04,,0.86,,0.07,,0.0,
0.01,,"[547, 201, 244, 309]",,0.0,,0.02,,0.02,,0.8,,0.16,,0.0,
0.01,,"[548, 202, 243, 308]",,0.0,,0.02,,0.03,,0.81,,0.13,,0.0,
0.01,,"[549, 207, 242, 311]",,0.0,,0.03,,0.0,,0.53,,0.42,,0.0,
0.01,,"[550, 207, 242, 311]",,0.0,,0.02,,0.0,,0.52,,0.45,,0.0,
0.01,,"[549, 207, 245, 308]",,0.0,,0.02,,0.01,,0.64,,0.32,,0.0,
0.01,,"[548, 205, 243, 303]",,0.0,,0.04,,0.01,,0.67,,0.27,,0.0,
0.02,,"[536, 201, 254, 312]",,0.0,,0.02,,0.01,,0.77,,0.19,,0.0,
0.02,,"[549, 205, 242, 303]",,0.0,,0.03,,0.01,,0.66,,0.29,,0.0,
0.01,,"[548, 203, 240, 296]",,0.0,,0.05,,0.03,,0.66,,0.25,,0.0,
0.01,,"[547, 203, 243, 298]",,0.0,,0.05,,0.01,,0.7,,0.23,,0.0,
0.01,,"[549, 204, 241, 293]",,0.0,,0.05,,0.01,,0.76,,0.17,,0.0,
0.01,,"[552, 203, 238, 293]",,0.0,,0.04,,0.01,,0.76,,0.18,,0.0,
0.01,,"[554, 201, 240, 292]",,0.0,,0.03,,0.0,,0.69,,0.27,,0.0,
0.01,,"[554, 201, 241, 293]",,0.0,,0.03,,0.0,,0.74,,0.22,,0.0,
0.01,,"[556, 198, 242, 306]",,0.0,,0.03,,0.0,,0.77,,0.19,,0.0,
0.01,,"[555, 194, 251, 318]",,0.0,,0.02,,0.01,,0.86,,0.1,,0.0,
0.01,,"[558, 195, 248, 317]",,0.0,,0.02,,0.01,,0.88,,0.08,,0.0,
0.0,,"[560, 196, 251, 316]",,0.0,,0.02,,0.0,,0.93,,0.04,,0.0,
0.01,,"[561, 196, 250, 316]",,0.0,,0.02,,0.01,,0.93,,0.04,,0.0,
0.01,,"[560, 195, 242, 304]",,0.0,,0.02,,0.02,,0.89,,0.06,,0.0,
0.0,,"[559, 196, 251, 318]",,0.0,,0.01,,0.01,,0.93,,0.04,,0.0,
0.01,,"[559, 195, 243, 305]",,0.0,,0.01,,0.01,,0.88,,0.08,,0.0,
0.01,,"[559, 196, 243, 309]",,0.0,,0.03,,0.01,,0.84,,0.11,,0.0,
